com.xqhunlian51.com,Love婚恋-同城交友
com.meiguihunlian,玫瑰婚恋交友
com.baihe,百合婚恋
com.tongcheng.jiaoyou,同城婚恋-相亲交友
com.yuanju.night,知心婚恋交友
com.zhenai.android,珍爱网
com.ganji.android,赶集网
net.iaround,遇见
com.netease.huatian,花田
com.jiduo.jianai360,简爱-同城交友
cn.sharesmile.enjoychat,享聊同城视频交友
com.xdlongw.mymjy,陌约陌交友
com.xys.majia.jiaoyou,蕉友同城聊天交友
com.and.bingo,缤果交友
com.cdlw.lwba,甜兔-交友圈
com.legion.rodimus,同城求偶-交友
com.dljiangywe.tcyajymj,缘陌陌-交友聊天
com.memezhibo.android,么么直播-视频交友
me.love.android,我要恋爱相亲婚恋
com.blsm.horoscope,见见-交友聊天
com.qbhl.junmeishejiao,逑吧婚恋
air.zhiji.app,知己交友
com.mm.peiliao,陪聊-美女交友聊天
com.hktbay.myshow,myshow交友
com.melot.meshow,KK直播-视频交友
com.p1.mobile.putong,探探
cn.innogeek.cp,CP速配-交友聊天
club.chenyiy.market,TA趣交友
com.mm.youliao,有聊同城交友
com.difu.love,豫工惠婚恋
com.xys.maiyue,麦约同城交友聊天
com.yuanyu.tinber,听呗直播语音交友
com.xys.yiban,依伴短视频交友
com.moqu.dongdong,微见-美女视频交友
com.zhy.qianyan,浅言-日记手帐交友
com.justdo.sisi,丝丝交友直播
com.yiyue.aiduoduo,爱多多交友
com.hlds.cp,假装cp-成人交友
com.doujiangstudio.android.makefriendsnew,同城速配交友
com.onlyu,OnlyU婚恋
com.only.xiaomi,Only婚恋-实名征婚
com.sudyapp,Sudy-高端交友
com.misa.chooselove,挑爱婚恋
com.ruoaiwang,若爱相亲交友
com.luhu.livepiaoliuping,快猫视频聊天交友
com.me.marryme,莱莱婚恋
me.yidui,伊对视频相亲交友
com.rdno.sqnet,有恋网
com.yiban1314.yiban,一伴婚恋-相亲征婚
cn.tantady.tt,探她-约会聊天交友
com.cdjy.jyba,交友吧-聊天社区
com.mm.moliao,陌聊陌生人交友
com.mlkj.yicfjmmy,速配交友-陌陌聊
com.xunyun.youyuanquan,同城陌约交友
cn.qlwb.qlwb,情侣玩吧-交友约会
com.zlf.timeto,闪约活动交友
com.neusmart.fs,FS高端交友
com.net.xiaojidong.redirect.ResolverD.interface4,小激动-视频交友
com.dyyj.idd.chatmore,聊得得-交友聊天宝
com.jiuda.sunshine,同城聊天约会
com.im.xhj.android,小黄鸡交友
cn.mimilive.xianyu,V聊客聊天交友
com.wole56.ishow,我秀娱乐直播
com.yx.paopao,泡泡语音交友
com.qmhygame.zxfsz.mi,仙侠情缘-青春浪漫婚恋
cn.tc.yh,同城约会聊天交友
com.flyingfish.dv.flyingfish,飞鱼-聊天交友
com.ailiaoicall,爱聊-同城聊天交友
com.tiange.hz.happy88,欢乐直播-视频交友
com.renxing.jimo,乖猪聊天交友
com.vliao.vchat,V聊-美女主动交友
com.hn.d.valley,恐龙谷-聊天交友
com.lezhi.socialgram,简色交友-找对象
com.hxus.cherry,CP探探-夜狼交友
com.truelove,真情婚恋
com.pploved.pengpeng,嘭嘭婚恋
zzy.nearby,漂流瓶交友
com.marryu,MarryU相亲交友
com.leeboo.leelive,蜜聊-聊天交友
com.cyanbirds.tanlove,探爱交友
com.mosheng.iicall,陌声-同城聊天交友
org.zywx.wbpalmstar.widgetone.uex11535432,交往吧相亲交友
taole.com.ouyu,偶遇交友-同城约会
com.linyuekeji.yuanlaijiaoyou,缘来约会交友
com.yyk.whenchat,玩洽-附近约会交友
com.thsseek.welove,微恋交友
com.bingo.quliao,趣聊交友
com.vip186.mm_jy,同城交友
com.parorisim.liangyuan,良缘婚恋-同城相亲
com.hepai.hepaiminding,神交-聊天交友约会
com.mmjy.momojiaoyou,附近探探交友
com.haitu.live,嗨兔直播-视频交友
com.huafang.group,花房社区交友
com.yiyue5.com,一约-聊天交友
com.meelive.ingkee,映客-嗨唱直播交友
com.huya.keke,麦麦语音交友
chinese.chat.flowerfriends,一亲同城交友约会
com.snqu.yay,YAY交友
com.miguan.pick,Pick语音-聊天宝交友
com.samecity.social,同城交友
com.yemeizhibo.android,夜嗨直播-视频交友
com.cuncx,寸草心-退休交友
com.hepai.hepaiandroid,合拍-同城兴趣交友
com.lqfor.liaoqu,聊趣-视频聊天交友
net.titianapp.android,梯田交友-90后交友
com.mengshi.dnicall,美妙聊天交友
com.juewo.nobody,同城约单-约会交友
com.blackbean.paopao,泡泡交友
com.blackbean.dmshake,摇一摇交友
ninihl.com.app,你妳婚恋
me.peiwo.peiwo,陪我-聊天交友
com.tm.qingtantan,情探探
com.luhu.liveyuehui,约会交友直播
com.rosedate.siye,玫瑰约会-聊天交友
com.kezeyun.tmayjy,探陌爱约交友
com.bilin.huijiao.activity,比邻
com.gzhesnet.tymajy,探约陌爱交友
com.zuimeiqidai.ii.android,ii语音交友
com.youhua.lesheng,乐声同城交友
com.meme.jiaoyou,常伴交友
